run_number,tool,benchmark
1,CC,sl
2,CC,mi
3,No_Tools,sl
4,No_Tools,mi
5,Perf,sl
6,Perf,mi
7,PJ,sl
8,PJ,mi
9,Ref_Kern,sl
10,Ref_Kern,mi
11,Ref_User,sl
12,Ref_User,mi
13,Scaphandre,sl
14,Scaphandre,mi
15,Turbostat,sl
16,Turbostat,mi
17,CC,sl
18,CC,mi
19,No_Tools,sl
20,No_Tools,mi
21,Perf,sl
22,Perf,mi
23,PJ,sl
24,PJ,mi
25,Ref_Kern,sl
26,Ref_Kern,mi
27,Ref_User,sl
28,Ref_User,mi
29,Scaphandre,sl
30,Scaphandre,mi
31,Turbostat,sl
32,Turbostat,mi
33,CC,sl
34,CC,mi
35,No_Tools,sl
36,No_Tools,mi
37,Perf,sl
38,Perf,mi
39,PJ,sl
40,PJ,mi
41,Ref_Kern,sl
42,Ref_Kern,mi
43,Ref_User,sl
44,Ref_User,mi
45,Scaphandre,sl
46,Scaphandre,mi
47,Turbostat,sl
48,Turbostat,mi
49,CC,sl
50,CC,mi
51,No_Tools,sl
52,No_Tools,mi
53,Perf,sl
54,Perf,mi
55,PJ,sl
56,PJ,mi
57,Ref_Kern,sl
58,Ref_Kern,mi
59,Ref_User,sl
60,Ref_User,mi
61,Scaphandre,sl
62,Scaphandre,mi
63,Turbostat,sl
64,Turbostat,mi
65,CC,sl
66,CC,mi
67,No_Tools,sl
68,No_Tools,mi
69,Perf,sl
70,Perf,mi
71,PJ,sl
72,PJ,mi
73,Ref_Kern,sl
74,Ref_Kern,mi
75,Ref_User,sl
76,Ref_User,mi
77,Scaphandre,sl
78,Scaphandre,mi
79,Turbostat,sl
80,Turbostat,mi
81,CC,sl
82,CC,mi
83,No_Tools,sl
84,No_Tools,mi
85,Perf,sl
86,Perf,mi
87,PJ,sl
88,PJ,mi
89,Ref_Kern,sl
90,Ref_Kern,mi
91,Ref_User,sl
92,Ref_User,mi
93,Scaphandre,sl
94,Scaphandre,mi
95,Turbostat,sl
96,Turbostat,mi
97,CC,sl
98,CC,mi
99,No_Tools,sl
100,No_Tools,mi
101,Perf,sl
102,Perf,mi
103,PJ,sl
104,PJ,mi
105,Ref_Kern,sl
106,Ref_Kern,mi
107,Ref_User,sl
108,Ref_User,mi
109,Scaphandre,sl
110,Scaphandre,mi
111,Turbostat,sl
112,Turbostat,mi
113,CC,sl
114,CC,mi
115,No_Tools,sl
116,No_Tools,mi
117,Perf,sl
118,Perf,mi
119,PJ,sl
120,PJ,mi
121,Ref_Kern,sl
122,Ref_Kern,mi
123,Ref_User,sl
124,Ref_User,mi
125,Scaphandre,sl
126,Scaphandre,mi
127,Turbostat,sl
128,Turbostat,mi
129,CC,sl
130,CC,mi
131,No_Tools,sl
132,No_Tools,mi
133,Perf,sl
134,Perf,mi
135,PJ,sl
136,PJ,mi
137,Ref_Kern,sl
138,Ref_Kern,mi
139,Ref_User,sl
140,Ref_User,mi
141,Scaphandre,sl
142,Scaphandre,mi
143,Turbostat,sl
144,Turbostat,mi
145,CC,sl
146,CC,mi
147,No_Tools,sl
148,No_Tools,mi
149,Perf,sl
150,Perf,mi
151,PJ,sl
152,PJ,mi
153,Ref_Kern,sl
154,Ref_Kern,mi
155,Ref_User,sl
156,Ref_User,mi
157,Scaphandre,sl
158,Scaphandre,mi
159,Turbostat,sl
160,Turbostat,mi
161,CC,sl
162,CC,mi
163,No_Tools,sl
164,No_Tools,mi
165,Perf,sl
166,Perf,mi
167,PJ,sl
168,PJ,mi
169,Ref_Kern,sl
170,Ref_Kern,mi
171,Ref_User,sl
172,Ref_User,mi
173,Scaphandre,sl
174,Scaphandre,mi
175,Turbostat,sl
176,Turbostat,mi
177,CC,sl
178,CC,mi
179,No_Tools,sl
180,No_Tools,mi
181,Perf,sl
182,Perf,mi
183,PJ,sl
184,PJ,mi
185,Ref_Kern,sl
186,Ref_Kern,mi
187,Ref_User,sl
188,Ref_User,mi
189,Scaphandre,sl
190,Scaphandre,mi
191,Turbostat,sl
192,Turbostat,mi
193,CC,sl
194,CC,mi
195,No_Tools,sl
196,No_Tools,mi
197,Perf,sl
198,Perf,mi
199,PJ,sl
200,PJ,mi
201,Ref_Kern,sl
202,Ref_Kern,mi
203,Ref_User,sl
204,Ref_User,mi
205,Scaphandre,sl
206,Scaphandre,mi
207,Turbostat,sl
208,Turbostat,mi
209,CC,sl
210,CC,mi
211,No_Tools,sl
212,No_Tools,mi
213,Perf,sl
214,Perf,mi
215,PJ,sl
216,PJ,mi
217,Ref_Kern,sl
218,Ref_Kern,mi
219,Ref_User,sl
220,Ref_User,mi
221,Scaphandre,sl
222,Scaphandre,mi
223,Turbostat,sl
224,Turbostat,mi
225,CC,sl
226,CC,mi
227,No_Tools,sl
228,No_Tools,mi
229,Perf,sl
230,Perf,mi
231,PJ,sl
232,PJ,mi
233,Ref_Kern,sl
234,Ref_Kern,mi
235,Ref_User,sl
236,Ref_User,mi
237,Scaphandre,sl
238,Scaphandre,mi
239,Turbostat,sl
240,Turbostat,mi
